{
  "assembly": [
    "HZGH5Recorder.dll"
  ],
  "css": [
    "Resources/styles/recorder_cell.css"
  ],
  "javascript": [
    "Resources/utils/hmac-sha256.js",
    "Resources/utils/crypto-js.js",
    "Resources/IATwsInstance.js",
    "Resources/utils/nanoid.js",
    "Resources/utils/recorder.mp3.min.js",
    "Resources/utils/waveview.js",
    "Resources/utils/localforage.min.js",
    "Resources/WaveViewInstance.js",
    "Resources/ForguncyRecorder.js",
    "Resources/OperateIndexedDB.js",
    "Resources/HZGH5RecorderCellType.js",
    "Resources/HZGH5RecorderCommand.js"
  ],
  "serverApiAssembly": [
    "HZGH5RecorderApi.Server.dll"
  ],
  "image": "Resources/PluginLogo.png",
  "description": "这是一个活字格插件",
  "name": "网页录音",
  "pluginType": "cellType,command",
  "guid": "a635bd14-b5df-4149-8cb9-13697a4cfb36",
  "version": "1.2.0.0",
  "dependenceVersion": "10.0.104.0",
  "bundleJavaScript": true,
  "bundleCSS": true
}